{
  "hash": "5c9965f6",
  "configHash": "663706f2",
  "lockfileHash": "3044590b",
  "browserHash": "e4c675cb",
  "optimized": {
    "@angular/common": {
      "src": "../../../../../node_modules/@angular/common/fesm2022/common.mjs",
      "file": "@angular_common.js",
      "fileHash": "4d02c0c5",
      "needsInterop": false
    },
    "@angular/common/http": {
      "src": "../../../../../node_modules/@angular/common/fesm2022/http.mjs",
      "file": "@angular_common_http.js",
      "fileHash": "2e58d183",
      "needsInterop": false
    },
    "@angular/core": {
      "src": "../../../../../node_modules/@angular/core/fesm2022/core.mjs",
      "file": "@angular_core.js",
      "fileHash": "43d7425b",
      "needsInterop": false
    },
    "@angular/forms": {
      "src": "../../../../../node_modules/@angular/forms/fesm2022/forms.mjs",
      "file": "@angular_forms.js",
      "fileHash": "2f168a1e",
      "needsInterop": false
    },
    "@angular/platform-browser": {
      "src": "../../../../../node_modules/@angular/platform-browser/fesm2022/platform-browser.mjs",
      "file": "@angular_platform-browser.js",
      "fileHash": "b7421e65",
      "needsInterop": false
    },
    "@angular/platform-browser/animations": {
      "src": "../../../../../node_modules/@angular/platform-browser/fesm2022/animations.mjs",
      "file": "@angular_platform-browser_animations.js",
      "fileHash": "efda2410",
      "needsInterop": false
    },
    "@angular/router": {
      "src": "../../../../../node_modules/@angular/router/fesm2022/router.mjs",
      "file": "@angular_router.js",
      "fileHash": "82dfdf24",
      "needsInterop": false
    },
    "@progress/kendo-angular-buttons": {
      "src": "../../../../../node_modules/@progress/kendo-angular-buttons/fesm2020/progress-kendo-angular-buttons.mjs",
      "file": "@progress_kendo-angular-buttons.js",
      "fileHash": "11b340a4",
      "needsInterop": false
    },
    "@progress/kendo-angular-charts": {
      "src": "../../../../../node_modules/@progress/kendo-angular-charts/fesm2020/progress-kendo-angular-charts.mjs",
      "file": "@progress_kendo-angular-charts.js",
      "fileHash": "b3f78810",
      "needsInterop": false
    },
    "@progress/kendo-angular-dateinputs": {
      "src": "../../../../../node_modules/@progress/kendo-angular-dateinputs/fesm2020/progress-kendo-angular-dateinputs.mjs",
      "file": "@progress_kendo-angular-dateinputs.js",
      "fileHash": "3a4f219c",
      "needsInterop": false
    },
    "@progress/kendo-angular-dialog": {
      "src": "../../../../../node_modules/@progress/kendo-angular-dialog/fesm2020/progress-kendo-angular-dialog.mjs",
      "file": "@progress_kendo-angular-dialog.js",
      "fileHash": "3728b259",
      "needsInterop": false
    },
    "@progress/kendo-angular-dropdowns": {
      "src": "../../../../../node_modules/@progress/kendo-angular-dropdowns/fesm2020/progress-kendo-angular-dropdowns.mjs",
      "file": "@progress_kendo-angular-dropdowns.js",
      "fileHash": "1ea5e7ca",
      "needsInterop": false
    },
    "@progress/kendo-angular-editor": {
      "src": "../../../../../node_modules/@progress/kendo-angular-editor/fesm2020/progress-kendo-angular-editor.mjs",
      "file": "@progress_kendo-angular-editor.js",
      "fileHash": "a6d3bccc",
      "needsInterop": false
    },
    "@progress/kendo-angular-grid": {
      "src": "../../../../../node_modules/@progress/kendo-angular-grid/fesm2020/progress-kendo-angular-grid.mjs",
      "file": "@progress_kendo-angular-grid.js",
      "fileHash": "de5be43b",
      "needsInterop": false
    },
    "@progress/kendo-angular-icons": {
      "src": "../../../../../node_modules/@progress/kendo-angular-icons/fesm2020/progress-kendo-angular-icons.mjs",
      "file": "@progress_kendo-angular-icons.js",
      "fileHash": "22e022af",
      "needsInterop": false
    },
    "@progress/kendo-angular-indicators": {
      "src": "../../../../../node_modules/@progress/kendo-angular-indicators/fesm2020/progress-kendo-angular-indicators.mjs",
      "file": "@progress_kendo-angular-indicators.js",
      "fileHash": "133866b8",
      "needsInterop": false
    },
    "@progress/kendo-angular-inputs": {
      "src": "../../../../../node_modules/@progress/kendo-angular-inputs/fesm2020/progress-kendo-angular-inputs.mjs",
      "file": "@progress_kendo-angular-inputs.js",
      "fileHash": "c29d32b3",
      "needsInterop": false
    },
    "@progress/kendo-angular-intl": {
      "src": "../../../../../node_modules/@progress/kendo-angular-intl/fesm2020/progress-kendo-angular-intl.mjs",
      "file": "@progress_kendo-angular-intl.js",
      "fileHash": "e740c45a",
      "needsInterop": false
    },
    "@progress/kendo-angular-label": {
      "src": "../../../../../node_modules/@progress/kendo-angular-label/fesm2020/progress-kendo-angular-label.mjs",
      "file": "@progress_kendo-angular-label.js",
      "fileHash": "ad815ca6",
      "needsInterop": false
    },
    "@progress/kendo-angular-layout": {
      "src": "../../../../../node_modules/@progress/kendo-angular-layout/fesm2020/progress-kendo-angular-layout.mjs",
      "file": "@progress_kendo-angular-layout.js",
      "fileHash": "5e0f9e3b",
      "needsInterop": false
    },
    "@progress/kendo-angular-notification": {
      "src": "../../../../../node_modules/@progress/kendo-angular-notification/fesm2020/progress-kendo-angular-notification.mjs",
      "file": "@progress_kendo-angular-notification.js",
      "fileHash": "1d9f68c3",
      "needsInterop": false
    },
    "@progress/kendo-angular-scheduler": {
      "src": "../../../../../node_modules/@progress/kendo-angular-scheduler/fesm2020/progress-kendo-angular-scheduler.mjs",
      "file": "@progress_kendo-angular-scheduler.js",
      "fileHash": "31fb7633",
      "needsInterop": false
    },
    "@progress/kendo-angular-toolbar": {
      "src": "../../../../../node_modules/@progress/kendo-angular-toolbar/fesm2020/progress-kendo-angular-toolbar.mjs",
      "file": "@progress_kendo-angular-toolbar.js",
      "fileHash": "8d68f458",
      "needsInterop": false
    },
    "@progress/kendo-angular-upload": {
      "src": "../../../../../node_modules/@progress/kendo-angular-upload/fesm2020/progress-kendo-angular-upload.mjs",
      "file": "@progress_kendo-angular-upload.js",
      "fileHash": "5028ea9d",
      "needsInterop": false
    },
    "@progress/kendo-data-query": {
      "src": "../../../../../node_modules/@progress/kendo-data-query/dist/es/main.js",
      "file": "@progress_kendo-data-query.js",
      "fileHash": "5b86298e",
      "needsInterop": false
    },
    "@progress/kendo-svg-icons": {
      "src": "../../../../../node_modules/@progress/kendo-svg-icons/dist/index.es.js",
      "file": "@progress_kendo-svg-icons.js",
      "fileHash": "8897cc28",
      "needsInterop": false
    }
  },
  "chunks": {
    "chunk-YXDLRLQ3": {
      "file": "chunk-YXDLRLQ3.js"
    },
    "chunk-NYI53W5K": {
      "file": "chunk-NYI53W5K.js"
    },
    "chunk-IR6AHZVC": {
      "file": "chunk-IR6AHZVC.js"
    },
    "chunk-WESNOULD": {
      "file": "chunk-WESNOULD.js"
    },
    "chunk-P4QC2UUW": {
      "file": "chunk-P4QC2UUW.js"
    },
    "chunk-37RE5U44": {
      "file": "chunk-37RE5U44.js"
    },
    "chunk-F6BYY5LV": {
      "file": "chunk-F6BYY5LV.js"
    },
    "chunk-LYSESAON": {
      "file": "chunk-LYSESAON.js"
    },
    "chunk-SIUH3ZFX": {
      "file": "chunk-SIUH3ZFX.js"
    },
    "chunk-N4JBVI3Z": {
      "file": "chunk-N4JBVI3Z.js"
    },
    "chunk-AWUH7V4G": {
      "file": "chunk-AWUH7V4G.js"
    },
    "chunk-TO3P24MN": {
      "file": "chunk-TO3P24MN.js"
    },
    "chunk-5WV756GH": {
      "file": "chunk-5WV756GH.js"
    },
    "chunk-F6ZKO5N5": {
      "file": "chunk-F6ZKO5N5.js"
    },
    "chunk-XMHOJPSE": {
      "file": "chunk-XMHOJPSE.js"
    },
    "chunk-K7HGVFHF": {
      "file": "chunk-K7HGVFHF.js"
    },
    "chunk-E22A7STE": {
      "file": "chunk-E22A7STE.js"
    },
    "chunk-4YSKD6C2": {
      "file": "chunk-4YSKD6C2.js"
    },
    "chunk-7QA7BPLB": {
      "file": "chunk-7QA7BPLB.js"
    },
    "chunk-56THBIXE": {
      "file": "chunk-56THBIXE.js"
    },
    "chunk-XVQKNWAT": {
      "file": "chunk-XVQKNWAT.js"
    },
    "chunk-4NQAA3FY": {
      "file": "chunk-4NQAA3FY.js"
    },
    "chunk-DAS2HZ5P": {
      "file": "chunk-DAS2HZ5P.js"
    },
    "chunk-HXGTP3WH": {
      "file": "chunk-HXGTP3WH.js"
    },
    "chunk-YJ3WXPBJ": {
      "file": "chunk-YJ3WXPBJ.js"
    },
    "chunk-WD76XF4G": {
      "file": "chunk-WD76XF4G.js"
    },
    "chunk-GLLL6ZVE": {
      "file": "chunk-GLLL6ZVE.js"
    }
  }
}